shape_area,ntaname,cdtaname,shape_leng,boroname,ct2020,nta2020,borocode,cdeligibil,geoid,boroct2020,cdta2020,ctlabel,area_hectare,population_2023,pop_density,unemployment,unrelated individuals,citizen ratio,less than high school,GINI index,per capita income,gross rent,tree_count,good_tree_count,lotarea_sum,landuse_count,comarea_sum,resarea_sum,assesstot_sum,numfloor_sum,bldgarea_sum,ComFAR,ResFAR,assesstot,NumFloors,Avr floor area,building_count,building_height_sum,avr height,building density,tree density,good tree density,unrelated individual,pop_change_forest,pop_change_forest_prob_1,pop_change_type_forest,pop_change_type_forest_prob_2,pop_change_type_forest_prob_0
1006116.584,Lower East Side,MN03 Lower East Side-Chinatown (CD 3 Equivalent),5075.332,Manhattan,001401,MN0302,1,,36061001401,1001401,MN03,14.01,9.347,3395,363.218,4.6,13.5,0.978792342,0.040676746,0.5091,70010,1343,84,67,739398,11,192966,2059741,165810938,89,2252707,0.2609771733220809,2.785699988368916,15073721.636363637,8.090909090909092,25311.314606741573,12,1395.865379,116.32211493416666,1.2838343853642882,8.986840697550017,7.168075318283941,13.5,1,0.6401860658291574,2,0.39113243327248337,0.313966202817918
1226206.247,Lower East Side,MN03 Lower East Side-Chinatown (CD 3 Equivalent),4459.156019,Manhattan,001402,MN0302,1,,36061001402,1001402,MN03,14.02,11.392,3449,302.756,6.4,31.4,0.785445057,0.281796366,0.5894,64089,1263,128,65,778180,88,964130,1871894,418685058,553,3325510,1.2389549975584055,2.4054768819553316,4757784.75,6.284090909090909,6013.5804701627485,92,6522.194813,70.89342187576086,8.075842696629215,11.235955056179776,5.705758426966292,31.4,0,0.28628162069327107,0,0.2215158735904167,0.4438645926558999
2399276.864,Lower East Side,MN03 Lower East Side-Chinatown (CD 3 Equivalent),6391.921174,Manhattan,001800,MN0302,1,,36061001800,1001800,MN03,18,22.29,6702,300.673,6.7,22.6,0.809161444,0.258353113,0.4876,52149,2066,310,253,1236145,308,2183879,2611566,698969191,1667.5,5309256,1.766685138070372,2.1126696301809256,2269380.49025974,5.413961038961039,3183.9616191904047,331,20824.66401,62.914392772145014,14.849708389412292,13.907581875280396,11.350381336922387,22.6,0,0.37943711024993315,1,0.26847484188447857,0.29143771010813
1740173.876,Lower East Side,MN03 Lower East Side-Chinatown (CD 3 Equivalent),5779.062607,Manhattan,002201,MN0302,1,,36061002201,1002201,MN03,22.01,16.167,6437,398.157,9.8,29.3,0.927450676,0.190549451,0.5408,35961,1118,120,87,1304057,103,560123,1887687,295298980,504.5,3404058,0.4295234027346964,1.4475494552768782,2866980.3883495145,4.898058252427185,6747.389494549058,110,7048.252743,64.07502493690909,6.803983423022205,7.422527370569679,5.381332343663017,29.3,0,0.24557696908765908,0,0.17259097304166568,0.5154046062933462
1141217.527,East Village,MN03 Lower East Side-Chinatown (CD 3 Equivalent),4521.251066,Manhattan,002601,MN0303,1,,36061002601,1002601,MN03,26.01,10.602,4329,408.319,8.9,46.8,0.931854932,0.272830403,0.5759,29911,958,207,150,781903,145,471096,1378728,188671206,509.5,1868733,0.6024992869959573,1.7632980049955045,1301180.7310344828,3.513793103448276,3667.7782139352307,116,6070.720642,52.33379863887931,10.941331824184116,19.524617996604412,14.148273910582908,46.8,0,0.29116133039186287,1,0.19608812578147794,0.3169971915907331
1114857.118,East Village,MN03 Lower East Side-Chinatown (CD 3 Equivalent),4491.20322,Manhattan,002602,MN0303,1,,36061002602,1002602,MN03,26.02,10.357,3431,331.274,3.2,22.9,0.802972894,0.117092867,0.5447,74270,2266,261,191,759379,200,522409,1823059,336559431,864.5,2390717,0.68794238450102,2.4007234859009796,1682797.155,4.3225,2765.433198380567,194,10809.09444,55.7169816527835,18.731292845418558,25.200347591001258,18.4416336777059,22.9,1,0.616943002880459,1,0.23543150817981073,0.18498688236490146
1973678.468,East Village,MN03 Lower East Side-Chinatown (CD 3 Equivalent),5627.554837,Manhattan,002800,MN0303,1,,36061002800,1002800,MN03,28,18.336,6234,339.987,5.6,20.9,0.901989092,0.12660903,0.6616,78373,1243,282,206,1414927,159,520683,3444009,409046034,804.5,3972627,0.36799283637954466,2.4340541950220755,2572616.566037736,5.059748427672956,4938.007458048477,180,10966.75976,60.92644308372222,9.81675392670157,15.379581151832461,11.234729493891798,20.9,0,0.42492407560849216,1,0.23282613012255746,0.20599086484150894
2207015.175,Tribeca-Civic Center,MN01 Financial District-Tribeca (CD 1 Equivalent),7967.867029,Manhattan,003100,MN0102,1,,36061003100,1003100,MN01,31,20.504,2770,135.096,5.3,21.4,0.870397112,0.108247423,0.5445,102682,3501,92,55,1378909,83,7255994,1581150,1095487109,698.5,9421737,5.262126797344857,1.1466674015471652,13198639.867469879,8.41566265060241,13488.528274874732,81,9304.111969,114.86557985888888,3.950448692937963,4.486929379633242,2.6824034334763946,21.4,1,0.6250564110657045,2,0.7934979202670486,0.11180036739847113
2335526.622,East Village,MN03 Lower East Side-Chinatown (CD 3 Equivalent),6358.435454,Manhattan,003200,MN0303,1,,36061003200,1003200,MN03,32,21.698,7740,356.715,6.8,18,0.911627907,0.032526363,0.4809,80185,2340,274,194,1694668,290,556640,3559426,574232639,1415.5,4150080,0.32846551654955425,2.1003677416461515,1980112.5482758621,4.88103448275862,2931.8827269516073,304,17249.94634,56.74324452302632,14.010507880910684,12.627891971610287,8.940916213475896,18,1,0.5312215809232504,1,0.2196380935415765,0.1409575513080534
3677727.618,Tribeca-Civic Center,MN01 Financial District-Tribeca (CD 1 Equivalent),8170.756424,Manhattan,003300,MN0102,1,,36061003300,1003300,MN01,33,34.167,5574,163.14,2.5,5.3,0.930391102,0.018325792,0.4926,252129,3501,159,96,2144954,369,7156300,6204776,2298099286,2256.5,13836978,3.336341944862221,2.8927314991370445,6227911.344173442,6.115176151761518,6132.05317970308,374,32235.50365,86.1911862386631,10.946234670881259,4.653613135481605,2.8097286855737993,5.3,1,0.9006819531369535,2,0.5837031995999346,0.15134171404159036
1718451.586,East Village,MN03 Lower East Side-Chinatown (CD 3 Equivalent),5503.306972,Manhattan,003400,MN0303,1,,36061003400,1003400,MN03,34,15.965,6474,405.512,2.4,13.9,0.907476058,0.079761676,0.4629,86008,2279,313,245,1150069,334,858947,3039495,585051698,1571.5,3906954,0.7468656228452379,2.6428805576013263,1751651.7904191618,4.705089820359281,2486.130448615972,377,19759.46376,52.412370722944296,23.61415596617601,19.6053867835891,15.34606952709051,13.9,1,0.6972934607323207,1,0.281819964646071,0.12306485850098985
1082296.166,Lower East Side,MN03 Lower East Side-Chinatown (CD 3 Equivalent),4201.295309,Manhattan,003601,MN0302,1,,36061003601,1003601,MN03,36.01,10.055,2935,291.895,5.5,25.8,0.903577513,0.26153229,0.5467,49462,1168,159,127,725481,96,631427,1478067,350195348,518.5,2408800,0.8703563566792238,2.0373614195271825,3647868.2083333335,5.401041666666667,4645.708775313404,97,6265.90168,64.59692453865979,9.646941819990055,15.81302834410741,12.630532073595226,25.8,0,0.2953038820153386,1,0.25473666033010606,0.33485924289224533
961070.5001,East Village,MN03 Lower East Side-Chinatown (CD 3 Equivalent),4076.250326,Manhattan,003602,MN0303,1,,36061003602,1003602,MN03,36.02,8.929,3461,387.613,9.7,37.2,0.898873158,0.115849057,0.5582,91960,2626,160,125,579944,128,543157,1276446,280505867,615.5,2103692,0.9365680134633689,2.200981474073359,2191452.0859375,4.80859375,3417.8586515028433,126,7326.84742,58.14958269476191,14.111322656512487,17.919139881285698,13.999328032254452,37.2,0,0.44132828885348824,1,0.22773522935864896,0.23224652129780315
4116364.297,SoHo-Little Italy-Hudson Square,MN02 Greenwich Village-SoHo (CD 2 Equivalent),11701.60794,Manhattan,003700,MN0201,1,,36061003700,1003700,MN02,37,38.242,3528,92.255,1,6.9,0.901360544,0.027701778,0.5472,269679,3501,517,316,2644533,221,12428829,2953399,2249752277,1402,16322286,4.69981996821367,1.1167941560948569,10179874.556561086,6.343891402714932,11642.144079885877,217,18611.28958,85.76631141732719,5.674389414779562,13.519167407562367,8.263166152397888,6.9,1,0.7512641168349148,2,0.8098684215718952,0.06602283060366104
3571006.257,Tribeca-Civic Center,MN01 Financial District-Tribeca (CD 1 Equivalent),12700.42462,Manhattan,003900,MN0102,1,,36061003900,1003900,MN01,39,33.176,6180,186.279,3.1,22.1,0.929449838,0.008900849,0.6199,248776,2290,471,311,2183302,227,5155981,6356127,1906302001,1355,11681400,2.3615519062410972,2.911244985805903,8397806.171806168,5.969162995594714,8620.959409594096,248,20287.07806,81.80273411387097,7.475283337352303,14.197009886665057,9.37424644321196,22.1,1,0.8461668491137264,2,0.5389765323687001,0.17561789362926383
995026.1373,East Village,MN03 Lower East Side-Chinatown (CD 3 Equivalent),4151.976867,Manhattan,004001,MN0303,1,,36061004001,1004001,MN03,40.01,9.244,3615,391.064,3.4,6.4,0.889903181,0.011760243,0.4027,93320,2539,158,122,648849,156,629929,1546644,307799461,786.5,2212810,0.9708406732537155,2.383673242927091,1973073.467948718,5.041666666666667,2813.490146217419,173,10240.79873,59.19536835710982,18.71484205971441,17.092167892687147,13.197749891821722,6.4,1,0.7844047408555176,1,0.23642714873902396,0.10814055427255224
932610.9862,East Village,MN03 Lower East Side-Chinatown (CD 3 Equivalent),4046.980994,Manhattan,004002,MN0303,1,,36061004002,1004002,MN03,40.02,8.664,6250,721.376,2.6,28.3,0.81632,0.050333847,0.5497,89842,3501,156,113,581997,145,321990,1672147,373599994,765.5,2513865,0.553250274485951,2.8731196208915164,2576551.6827586205,5.279310344827586,3283.9516655780535,160,10294.39,64.3399375,18.467220683287167,18.005540166204987,13.042474607571561,28.3,1,0.5952698810093061,1,0.21520151104362115,0.23575972706339268
2058611.777,SoHo-Little Italy-Hudson Square,MN02 Greenwich Village-SoHo (CD 2 Equivalent),5913.87074,Manhattan,004100,MN0201,1,,36061004100,1004100,MN02,41,19.125,6815,356.34,6.1,20.8,0.898752751,0.183170181,0.5186,72664,1745,86,71,1292534,363,2389857,2792422,734195103,1822.25,5541498,1.8489703172218295,2.160424406630696,2022576.041322314,5.0199724517906334,3041.019618603375,396,23238.47371,58.68301441138889,20.705882352941178,4.496732026143791,3.712418300653595,20.8,1,0.5873951803300621,1,0.21989599273609253,0.1674069489927124
1605585.008,SoHo-Little Italy-Hudson Square,MN02 Greenwich Village-SoHo (CD 2 Equivalent),5090.419726,Manhattan,004300,MN0201,1,,36061004300,1004300,MN02,43,14.916,3590,240.681,3.2,20.3,0.938997214,0.069651741,0.6241,120240,2696,230,165,1031864,236,2880267,2242332,1167830862,1223,5263218,2.791324244280254,2.1730887016118405,4948435.855932203,5.182203389830509,4303.530662305805,254,16290.62705,64.13632695622047,17.028694019844462,15.41968356127648,11.061946902654867,20.3,1,0.6883306827544236,1,0.3756686601933793,0.15960520687949362
1129524.355,SoHo-Little Italy-Hudson Square,MN02 Greenwich Village-SoHo (CD 2 Equivalent),4604.742515,Manhattan,004500,MN0201,1,,36061004500,1004500,MN02,45,10.494,1047,99.771,3.2,26.7,0.87965616,0.069798658,0.4522,109754,3501,26,22,671686,140,2445645,1039397,752416221,787,3754081,3.641054004400866,1.5474447881897195,5374401.578571429,5.621428571428571,4770.115628970775,138,10893.82526,78.94076277507246,13.15037164093768,2.477606251191157,2.0964360587002098,26.7,1,0.7481027866851179,2,0.48804552438011617,0.20155435183304127
1815428.992,Midtown South-Flatiron-Union Square,MN05 Midtown-Flatiron-Union Square (CD 5 Approximation),5790.388252,Manhattan,005200,MN0501,1,,36061005200,1005200,MN05,52,16.866,3349,198.565,5.9,6,0.970438937,0.032987747,0.549,146847,2955,90,70,1035852,156,5222982,2425509,1491032288,1204.5,7932907,5.042208732521634,2.3415594119623266,9557899.282051282,7.721153846153846,6586.058115400581,164,16825.90892,102.59700562689024,9.723704494248786,5.3361792956243335,4.150361674374481,6,1,0.7976726224008617,2,0.6958737355682852,0.1095324270863771
1809255.658,Midtown South-Flatiron-Union Square,MN05 Midtown-Flatiron-Union Square (CD 5 Approximation),5588.637011,Manhattan,005400,MN0501,1,,36061005400,1005400,MN05,54,16.809,4721,280.861,2.9,16.4,0.905952129,0.031518625,0.5284,144677,2724,105,89,1221006,187,6358174,3344764,1633674048,1511,9936463,5.207324124533376,2.7393509941802088,8736224.855614973,8.080213903743315,6576.084050297816,199,19880.31418,99.90107630643217,11.838895829615087,6.246653578440121,5.294782556963531,16.4,1,0.76206371356721,2,0.6810771036911238,0.11479499360338768
1338496.768,Greenwich Village,MN02 Greenwich Village-SoHo (CD 2 Equivalent),4650.767179,Manhattan,005501,MN0202,1,,36061005501,1005501,MN02,55.01,12.435,5581,448.814,4.6,34.9,0.816699516,0.026067527,0.4576,108457,3110,101,63,929148,26,1755383,867724,606246300,232,5519829,1.8892393892038728,0.9338921248283374,23317165.384615384,8.923076923076923,23792.366379310344,36,4601.474708,127.81874188638888,2.8950542822677923,8.122235625251307,5.066344993968637,34.9,1,0.6111502847212321,2,0.4489612896236712,0.3491446016549497
1243017.228,Greenwich Village,MN02 Greenwich Village-SoHo (CD 2 Equivalent),4547.016102,Manhattan,005502,MN0202,1,,36061005502,1005502,MN02,55.02,11.548,1933,167.388,4.9,15.7,0.876875323,0.016329197,0.5406,174439,2030,111,80,691714,164,1953440,1960842,754963266,902.5,3964845,2.8240573416180674,2.8347582960587756,4603434.548780488,5.503048780487805,4393.180055401662,165,12330.84224,74.73237718684848,14.288188430897126,9.612054035330793,6.927606511950121,15.7,1,0.8380493790332628,1,0.407781853659119,0.16561631143368288
1879679.389,Midtown South-Flatiron-Union Square,MN05 Midtown-Flatiron-Union Square (CD 5 Approximation),5720.574316,Manhattan,005800,MN0501,1,,36061005800,1005800,MN05,58,17.463,4412,252.648,1.5,10.5,0.901178604,0.016844469,0.5126,208818,3501,73,65,1206687,187,7405067,3234681,1777554455,1583.5,11226216,6.136692448000185,2.6806296910466427,9505638.796791444,8.467914438502675,7089.495421534575,195,21051.21098,107.95492812528205,11.166466242913588,4.1802668499112405,3.7221554143045292,10.5,1,0.9084212357220952,2,0.7589406221019133,0.09061992004404153
1918265.478,Greenwich Village,MN02 Greenwich Village-SoHo (CD 2 Equivalent),5802.508192,Manhattan,006300,MN0202,1,,36061006300,1006300,MN02,63,17.821,5843,327.872,2.2,7.9,0.899880199,0.006455778,0.522,166818,3457,274,226,1304105,315,2104108,4623937,1109423178,1582.25,7056875,1.6134498372447004,3.5456784538054835,3521978.342857143,5.023015873015873,4460.025280455048,348,21619.61225,62.125322549942524,19.527523707984958,15.37511924134448,12.68166769541552,7.9,1,0.8401088409133223,1,0.28869862339841407,0.12762179944763788
2167367.115,Greenwich Village,MN02 Greenwich Village-SoHo (CD 2 Equivalent),6351.181774,Manhattan,006500,MN0202,1,,36061006500,1006500,MN02,65,20.135,5227,259.598,10.1,9.9,0.899751291,0.004775803,0.4999,99502,2766,350,177,1487425,281,1709927,2540741,844688597,1389.75,4814162,1.149588718758929,1.7081473015446158,3006009.2419928825,4.945729537366548,3464.0489296636088,319,18824.59429,59.011267361159874,15.843059349391606,17.382666997765085,8.790663024584058,9.9,1,0.7175919404479859,1,0.24861073897676675,0.1968758902484739
1812883.023,West Village,MN02 Greenwich Village-SoHo (CD 2 Equivalent),5458.859473,Manhattan,006700,MN0203,1,,36061006700,1006700,MN02,67,16.842,4928,292.602,3.5,5.7,0.889204545,0.013438567,0.4727,133560,2869,397,281,1142238,383,1031986,2653445,693730731,1524.5,3769507,0.9034772087778554,2.3230228726412534,1811307.3916449086,3.980417754569191,2472.6185634634307,416,20216.06787,48.596316995600965,24.70015437596485,23.572022325139535,16.68447927799549,5.7,1,0.8119669934177702,1,0.30871113421194346,0.145738413509672
1877720.935,Gramercy,MN06 East Midtown-Murray Hill (CD 6 Approximation),5723.890941,Manhattan,006800,MN0602,1,,36061006800,1006800,MN06,68,17.445,7144,409.516,4,15.9,0.92175252,0.019636213,0.4692,102027,3021,210,162,1162592,191,4548756,4089048,1313441975,1500.5,9575443,3.9125987448735238,3.5171822961107595,6876659.554973822,7.856020942408377,6381.501499500167,199,18958.47776,95.2687324434171,11.407280022929205,12.037833190025795,9.286328460877042,15.9,1,0.8213869352931836,2,0.5726064560390753,0.123683510820336
967528.0636,Murray Hill-Kips Bay,MN06 East Midtown-Murray Hill (CD 6 Approximation),4116.823262,Manhattan,007001,MN0603,1,,36061007001,1007001,MN06,70.01,8.989,4195,466.681,0.6,5.4,0.945649583,0.013145239,0.4294,97381,3297,122,61,667944,49,473747,2084304,340532708,326,2779778,0.7092615548608865,3.120477165750422,6949647.102040816,6.653061224489796,8526.926380368099,54,3859.164274,71.46600508074074,6.007342307264434,13.572143731227055,6.786071865613527,5.4,1,0.8651878740649592,1,0.3978115687121961,0.15563413124814385
941181.2664,Murray Hill-Kips Bay,MN06 East Midtown-Murray Hill (CD 6 Approximation),4036.369522,Manhattan,007002,MN0603,1,,36061007002,1007002,MN06,70.02,8.744,3676,420.403,7.9,10.6,0.936615887,0.002987056,0.4534,129621,3501,166,103,614574,174,584794,2650608,471248597,898.25,3282695,0.9515436709004936,4.312919192806724,2708325.2701149425,5.162356321839081,3654.5449485109934,186,10575.47074,56.85736954419355,21.271729185727356,18.98444647758463,11.779505946935041,10.6,1,0.7339898268741686,1,0.17710679269003593,0.13444908046821985
1774264.342,West Village,MN02 Greenwich Village-SoHo (CD 2 Equivalent),6603.386126,Manhattan,007100,MN0203,1,,36061007100,1007100,MN02,71,16.483,5364,325.426,2.9,7.6,0.917039523,0.032035031,0.5111,142488,3492,284,182,1108162,321,1115423,3471292,841464144,1360.25,4727512,1.0065522910910139,3.132477020507832,2621383.6261682245,4.237538940809969,3475.4728910126814,352,18209.0239,51.73018153738636,21.35533580052175,17.229873202693685,11.041679305951586,7.6,1,0.653454146448544,1,0.20251027456371476,0.10903573927223317
1877428.796,Murray Hill-Kips Bay,MN06 East Midtown-Murray Hill (CD 6 Approximation),5722.943807,Manhattan,007200,MN0603,1,,36061007200,1007200,MN06,72,17.442,7224,414.173,1.9,9.1,0.834025471,0.012376682,0.4466,145535,3231,288,173,1158590,239,4877959,4862390,1319768026,1748.5,10000344,4.210254706151443,4.196816820445542,5522041.949790795,7.315899581589958,5719.384615384615,245,20659.43957,84.32424314363266,14.046554294232312,16.51186790505676,9.918587317968123,9.1,1,0.8322289901687063,2,0.5169595472689934,0.13856789578322798
1778587.974,West Village,MN02 Greenwich Village-SoHo (CD 2 Equivalent),5754.13421,Manhattan,007300,MN0203,1,,36061007300,1007300,MN02,73,16.524,5744,347.616,11.5,17.9,0.899721448,0.017376914,0.5909,158385,2791,444,296,1135337,440,644227,3159448,805165324,1752,3884008,0.5674324011284755,2.78282835845216,1829921.190909091,3.981818181818182,2216.8995433789955,499,24139.93884,48.37663094318637,30.198499152747516,26.870007262164123,17.913338174776083,17.9,1,0.6583160569577856,1,0.22724644832133095,0.14067393399845235
1873518.146,Midtown South-Flatiron-Union Square,MN05 Midtown-Flatiron-Union Square (CD 5 Approximation),5717.633437,Manhattan,007600,MN0501,1,,36061007600,1007600,MN05,76,17.406,2455,141.043,9.9,16.8,0.765784114,0.061708861,0.5051,118018,2840,48,28,1186406,174,9490137,2010635,2197202911,1640,13581714,7.999063558343434,1.6947276058954523,12627602.93678161,9.425287356321839,8281.532926829268,176,21108.47409,119.93451185903409,10.111455819832242,2.757669769045157,1.6086406986096748,16.8,1,0.595757016296922,2,0.7588685362437652,0.1152750403927499
1924995.855,West Village,MN02 Greenwich Village-SoHo (CD 2 Equivalent),5765.372142,Manhattan,007700,MN0203,1,,36061007700,1007700,MN02,77,17.884,5584,312.234,6.3,7.7,0.882163324,0.010451505,0.5292,178590,3253,406,315,1138226,361,953434,3448872,817872509,1546,4497468,0.8376491136206694,3.0300414856100635,2265574.817174515,4.282548476454294,2909.099611901682,396,21277.13857,53.73014790121212,22.142697383135765,22.701856407962424,17.61350928203981,7.7,1,0.7581535923740269,1,0.2201570405888459,0.11259315994167779
1912109.897,Murray Hill-Kips Bay,MN06 East Midtown-Murray Hill (CD 6 Approximation),5546.867386,Manhattan,007800,MN0603,1,,36061007800,1007800,MN06,78,17.764,8412,473.542,3.4,6.7,0.844626724,0.020461139,0.4368,106614,3492,293,169,1257442,157,1851160,5379579,948348580,1160,7250512,1.4721633284079902,4.278192552817545,6040436.815286624,7.388535031847134,6250.441379310345,147,12834.45983,87.30925056401361,8.275163251519928,16.494032875478496,9.51362305786985,6.7,1,0.7339387166262046,2,0.4553030082006212,0.16879129595329853
1855976.699,Murray Hill-Kips Bay,MN06 East Midtown-Murray Hill (CD 6 Approximation),5682.153546,Manhattan,008000,MN0603,1,,36061008000,1008000,MN06,80,17.243,5292,306.907,2.8,3.7,0.910997732,0.012467034,0.4535,135796,3249,308,222,1142874,256,7805902,3623123,1798604725,1955.5,12219829,6.830063506563278,3.1701858647584946,7025799.70703125,7.638671875,6248.953720276144,261,23618.07535,90.4907101432184,15.136577161746796,17.86232094183147,12.874789769761643,3.7,1,0.8521323262479659,2,0.6406154098085324,0.10482649113605
1875912.499,Chelsea-Hudson Yards,MN04 Chelsea-Hell's Kitchen (CD 4 Approximation),5683.393752,Manhattan,008100,MN0401,1,,36061008100,1008100,MN04,81,17.428,6331,363.266,4.2,8.7,0.912809983,0.020631733,0.4923,142334,3003,232,201,1253487,260,1873193,5140327,1036907371,1478,7056947,1.49438566175796,4.10082194709638,3988105.273076923,5.684615384615385,4774.659675236807,299,19970.29963,66.79029975846154,17.15630020656415,13.311911865962818,11.533165021803994,8.7,1,0.6784159892936369,1,0.2798418773524978,0.15170106792672963
1856719.42,Midtown-Times Square,MN05 Midtown-Flatiron-Union Square (CD 5 Approximation),5681.260868,Manhattan,008200,MN0502,1,,36061008200,1008200,MN05,82,17.249,3346,193.982,7.6,14.9,0.901972504,0.054339623,0.5515,151066,3501,198,140,1140313,137,12345471,2317037,2426123623,1851.5,15627782,10.826388018026629,2.031930706744552,17708931.554744527,13.514598540145986,8440.605995139076,142,23504.25616,165.52293071852114,8.232361296307033,11.47892631456896,8.116412545654821,14.9,1,0.6487098184712907,2,0.7246794988915326,0.11123291467483448
1873011.556,Chelsea-Hudson Yards,MN04 Chelsea-Hell's Kitchen (CD 4 Approximation),5681.514263,Manhattan,008300,MN0401,1,,36061008300,1008300,MN04,83,17.401,3629,208.551,12.5,16,0.960870763,0.176285084,0.6102,92233,1555,167,150,1249219,122,4982257,1932919,1441955381,634,7263476,3.9882974882706717,1.5473019542610222,11819306.401639344,5.19672131147541,11456.586750788643,135,9221.701734,68.30890173222222,7.758174817539222,9.597149589104074,8.620194241710246,16,0,0.4919869049302013,2,0.5556897609851902,0.24635499359487256
1862741.798,Midtown-Times Square,MN05 Midtown-Flatiron-Union Square (CD 5 Approximation),5690.70189,Manhattan,008400,MN0502,1,,36061008400,1008400,MN05,84,17.305,1660,95.926,1.1,14,0.75,0.041916168,0.4115,197211,3501,41,35,1326347,156,7776916,1290530,1952272285,1850.5,11112605,5.863409801507449,0.9729957545046658,12514565.92948718,11.862179487179487,6005.190489057011,172,23290.36609,135.40910514674417,9.939323894828085,2.3692574400462294,2.0225368390638545,14,1,0.7180872310417216,2,0.7156143010836069,0.11830561754210692
1780834.065,Chelsea-Hudson Yards,MN04 Chelsea-Hell's Kitchen (CD 4 Approximation),5579.480386,Manhattan,008700,MN0401,1,,36061008700,1008700,MN04,87,16.544,5712,345.261,6.4,14.4,0.941526611,0.046241597,0.473,126114,3206,221,194,1200709,258,2387489,3910317,1008523792,1474,6380679,1.9883993540483165,3.2566733488297332,3909006.9457364343,5.713178294573644,4328.818860244233,285,18723.94287,65.69804514835087,17.22678916827853,13.358317214700193,11.726305609284333,14.4,1,0.6477031720473662,1,0.23295453086273255,0.1521264910395678
1782674.051,Chelsea-Hudson Yards,MN04 Chelsea-Hell's Kitchen (CD 4 Approximation),5578.140591,Manhattan,008900,MN0401,1,,36061008900,1008900,MN04,89,16.562,5849,353.158,8.4,12.4,0.965122243,0.073968393,0.6234,119289,2036,312,264,1200243,319,877921,3109596,642068705,1374.5,4170269,0.7314527141587162,2.5908053619142124,2012754.5611285267,4.308777429467084,3034.0261913423064,347,18816.54233,54.22634676861671,20.95157589663084,18.838304552590266,15.940103852191763,12.4,1,0.5734679590618884,1,0.18987563081512,0.11978682472126856
1927040.126,Chelsea-Hudson Yards,MN04 Chelsea-Hell's Kitchen (CD 4 Approximation),5743.39332,Manhattan,009100,MN0401,1,,36061009100,1009100,MN04,91,17.903,6445,359.996,1.1,26.6,0.911093871,0.052418613,0.581,171696,3106,192,168,1257054,213,4060217,4403497,1316177109,1627,9589918,3.229946366663644,3.503029305025878,6179235.253521127,7.63849765258216,5894.233558696988,227,19325.16705,85.13289448929517,12.679439200134057,10.724459587778586,9.383902139306262,26.6,1,0.6640879538160359,2,0.40477419400447995,0.19065726701715835
2118430.844,East Midtown-Turtle Bay,MN06 East Midtown-Murray Hill (CD 6 Approximation),6172.978921,Manhattan,009200,MN0604,1,,36061009200,1009200,MN06,92,19.681,1408,71.541,8.4,5,0.787642045,0.026337449,0.4235,130791,3501,115,74,1555726,76,13598935,1289188,3138887700,1138,17502788,8.74121471261649,0.8286729154105543,41301153.94736842,14.973684210526315,15380.305799648506,77,14709.697684839999,191.03503486805192,3.912402825059702,5.843199024439815,3.759971546161272,5,1,0.5989132905344947,2,0.8386514956410125,0.09014795971882654
1929422.575,Chelsea-Hudson Yards,MN04 Chelsea-Hell's Kitchen (CD 4 Approximation),5740.258958,Manhattan,009300,MN0401,1,,36061009300,1009300,MN04,93,17.925,9699,541.088,8.2,11.4,0.914939685,0.086891758,0.5805,114893,1997,237,207,1243822,177,550827,5645939,819023699,964.75,6230565,0.4428503435379017,4.539185671261643,4627252.536723164,5.450564971751413,6458.217154703291,207,14729.05994,71.15487896062801,11.548117154811715,13.221757322175732,11.548117154811715,11.4,1,0.5787592248944988,1,0.2880704114339631,0.22160509245834437
1646379.211,Midtown-Times Square,MN05 Midtown-Flatiron-Union Square (CD 5 Approximation),5738.940074,Manhattan,009400,MN0502,1,,36061009400,1009400,MN05,94,15.295,77,5.034,23.8,28.1,1,0,0.303,91575,2792,51,26,1017892,92,17175431,64801,3223777777,1443.75,17979569,16.873529804733703,0.0636619602079592,35041062.79347826,15.692934782608695,12453.381125541126,86,19216.86869,223.45196148116278,5.622752533507683,3.334423014056881,1.6999019287348807,28.1,1,0.7296078203477758,2,0.7516984093275767,0.13625998127265415
1851171.249,Midtown South-Flatiron-Union Square,MN05 Midtown-Flatiron-Union Square (CD 5 Approximation),5658.970717,Manhattan,009500,MN0501,1,,36061009500,1009500,MN05,95,17.198,3482,202.465,10.7,19.3,0.844342332,0.015085158,0.4546,103768,3501,114,73,1263565,205,7451678,2470983,1437560431,1951.25,11840608,5.897344418371829,1.9555646128216593,7012489.907317073,9.518292682926829,6068.216784112748,218,23725.533406219998,108.83272204688072,12.675892545644842,6.6286777532271195,4.244679613908594,19.3,1,0.5951316811112719,2,0.6676013442589308,0.14003657734466393
1887288.386,Midtown-Times Square,MN05 Midtown-Flatiron-Union Square (CD 5 Approximation),5737.356244,Manhattan,009600,MN0502,1,,36061009600,1009600,MN05,96,17.533,474,27.035,6.9,32.2,0.58649789,0.104417671,0.6135,77187,2125,69,32,1282719,151,14734767,265068,3170275500,1673.5,16801602,11.487135530073227,0.20664541493499355,20995201.986754965,11.082781456953642,10039.798028084851,141,21392.85273,151.72235978638298,8.041977984372325,3.935436034905606,1.8251297553185422,32.2,1,0.5754408515911359,2,0.7177798936995304,0.17639165482603078
1860581.094,Chelsea-Hudson Yards,MN04 Chelsea-Hell's Kitchen (CD 4 Approximation),5655.109956,Manhattan,009700,MN0401,1,,36061009700,1009700,MN04,97,17.285,4477,259.011,3,12.1,0.947732857,0.079151061,0.4809,60226,1008,106,81,1329706,62,2654081,1837377,526266743,362,5515835,1.9959908430886226,1.3817919149044977,8488173.274193548,5.838709677419355,15237.113259668507,73,5389.254329,73.82540176178082,4.223315013017067,6.132484813422042,4.686144055539485,12.1,1,0.6839418777101004,2,0.5506829959720725,0.18862547456166956
2006894.843,Chelsea-Hudson Yards,MN04 Chelsea-Hell's Kitchen (CD 4 Approximation),8383.893037,Manhattan,009902,MN0401,1,,36061009902,1009902,MN04,99.02,18.645,3890,208.635,6.7,14.4,0.804627249,0.021702838,0.5028,132357,3501,155,134,1797820,69,2373754,3787898,1042570756,581.15,8180729,1.3203513143696255,2.106939515635603,15109721.101449275,8.422463768115941,14076.794287189194,71,7008.338291,98.70899001366197,3.8079914186108876,8.313220702601233,7.186913381603647,14.4,1,0.668520106263357,2,0.4968025632645282,0.2087003200471089
1859881.005,East Midtown-Turtle Bay,MN06 East Midtown-Murray Hill (CD 6 Approximation),5684.211534,Manhattan,010000,MN0604,1,,36061010000,1010000,MN06,100,17.279,1651,95.55,5.1,3,0.861901878,0.006527415,0.4722,112746,2485,195,127,1155815,87,13198590,1357319,3532112451,1449.5,17777545,11.419292879915904,1.1743393190086648,40598993.68965517,16.660919540229884,12264.605036219386,84,17548.34196,208.90883290964285,4.861392441692227,11.285375311071242,7.349962382082296,3,1,0.8082109169795764,2,0.8213473752340452,0.05798071400261339
1891377.987,Midtown South-Flatiron-Union Square,MN05 Midtown-Flatiron-Union Square (CD 5 Approximation),5701.715932,Manhattan,010100,MN0501,1,,36061010100,1010100,MN05,101,17.571,1923,109.442,7.6,18.4,0.778471139,0.101091327,0.5479,123421,3501,25,20,1305269,83,9699569,991136,1842352416,770,12228844,7.431088151178033,0.7593346658811325,22197017.060240965,9.27710843373494,15881.615584415584,89,11618.7675,130.54794948269662,5.065164190996528,1.4227989300552044,1.1382391440441635,18.4,1,0.5457744555281081,2,0.8251146671342636,0.11273969044760904
1860992.689,Midtown-Times Square,MN05 Midtown-Flatiron-Union Square (CD 5 Approximation),5687.802263,Manhattan,010200,MN0502,1,,36061010200,1010200,MN05,102,17.289,244,14.113,2.4,6.2,0.942622951,0.064814815,0.486,116059,,101,58,1158787,98,15696918,606575,4699227630,1587.5,17674659,13.545990764480443,0.5234568561780552,47951302.346938774,16.198979591836736,11133.643464566929,99,21703.80936,219.23039758828284,5.726184279021343,5.841864769506622,3.35473422407311,6.2,1,0.6548672914158884,2,0.800310525500728,0.10107685001150975
1864600.369,Midtown-Times Square,MN05 Midtown-Flatiron-Union Square (CD 5 Approximation),5693.036117,Manhattan,010400,MN0502,1,,36061010400,1010400,MN05,104,17.323,960,55.418,3.1,4.9,0.861458333,0.011098779,0.463,150161,2276,188,126,1293899,102,14705613,1812358,4130953393,1269.5,17715707,11.365348454554798,1.4006951083508064,40499543.068627454,12.446078431372548,13954.869633714061,104,18817.54862,180.93796754557692,6.003579056745367,10.85262367950124,7.27356693413381,4.9,1,0.8391913091364392,2,0.8314998126010583,0.05787573944812449
763140.6382,East Midtown-Turtle Bay,MN06 East Midtown-Murray Hill (CD 6 Approximation),3972.959514,Manhattan,010801,MN0604,1,,36061010801,1010801,MN06,108.01,7.09,3476,490.268,10.8,9.8,0.829689298,0.009712365,0.5144,132972,2910,125,97,506503,60,3323270,1841107,753431714,522,5467609,6.561204968183802,3.63493799641858,12557195.233333332,8.7,10474.346743295018,70,6455.876412,92.22680588657143,9.873060648801129,17.63046544428773,13.681241184767279,9.8,1,0.7086543551079403,2,0.7151257685729486,0.11479398470100942
617743.7549,East Midtown-Turtle Bay,MN06 East Midtown-Murray Hill (CD 6 Approximation),3142.736806,Manhattan,010802,MN0604,1,,36061010802,1010802,MN06,108.02,5.739,4094,713.365,7,24.8,0.903517342,0.02531976,0.5039,106917,3487,118,91,391342,77,538975,2598041,355604702,607,3138248,1.3772480336892028,6.638799311088511,4618242.883116883,7.883116883116883,5170.095551894564,77,6770.215872,87.92488145649351,13.416971597839344,20.561073357727828,15.85642097926468,24.8,1,0.5855479966841679,1,0.28544432308844386,0.2734752985919684
583083.6865,East Midtown-Turtle Bay,MN06 East Midtown-Murray Hill (CD 6 Approximation),3086.90209,Manhattan,010803,MN0604,1,,36061010803,1010803,MN06,108.03,5.417,1840,339.671,8.7,13.4,0.957065217,0,0.5985,161388,3273,89,62,367474,57,1445308,2333681,587435688,551,3778989,3.9330891437217326,6.35060167522056,10305889.263157895,9.666666666666666,6858.4192377495465,61,6253.971037,102.52411536786886,11.260845486431604,16.42975816872808,11.445449510799335,13.4,1,0.7613298965535017,2,0.5025404509610996,0.13928161757260496
1891364.513,Midtown-Times Square,MN05 Midtown-Flatiron-Union Square (CD 5 Approximation),5703.531525,Manhattan,010900,MN0502,1,,36061010900,1010900,MN05,109,17.571,200,11.382,0,48.3,0.775,0.196319018,0.4146,69096,3269,21,13,1193450,127,16622043,152772,1956626500,1535,17438567,13.927724663789853,0.12800871423184884,15406507.874015749,12.086614173228346,11360.62996742671,123,20542.013053579998,167.00823620796746,7.000170735871606,1.1951511012463718,0.7398554436287064,48.3,1,0.5950488710375916,2,0.7359280406043455,0.18147770116496112
856164.2783,Midtown-Times Square,MN05 Midtown-Flatiron-Union Square (CD 5 Approximation),3716.147032,Manhattan,011201,MN0502,1,,36061011201,1011201,MN05,112.01,7.954,950,119.437,2.3,26.9,0.786315789,0.004678363,0.554,199486,3501,43,17,549575,54,4114042,1555094,1869622731,596,6815827,7.485860892507847,2.829630168766774,34622643.166666664,11.037037037037036,11435.95134228188,46,8434.5275,183.35929347869566,5.7832537088257485,5.406084988684938,2.1372894141312546,26.9,1,0.7603953255863455,2,0.7731082158580453,0.11159196823691607
839525.673,Midtown-Times Square,MN05 Midtown-Flatiron-Union Square (CD 5 Approximation),3688.762329,Manhattan,011202,MN0502,1,,36061011202,1011202,MN05,112.02,7.799,520,66.675,0,4,0.846153846,0,0.5662,282892,3501,63,31,498817,39,6862384,1423154,2614780197,787.5,8805599,13.7573178139478,2.8530583360230306,67045646.07692308,20.192307692307693,11181.713015873016,42,10695.76938,254.66117559785712,5.3853058084369785,8.077958712655468,3.9748685728939606,4,1,0.85108055675433,2,0.8169021461400133,0.0901699351125335
841193.0101,East Midtown-Turtle Bay,MN06 East Midtown-Murray Hill (CD 6 Approximation),3682.036283,Manhattan,011203,MN0604,1,,36061011203,1011203,MN06,112.03,7.815,1053,134.741,5,5.8,0.887939221,0.02259887,0.5522,183898,3501,76,58,496746,59,4633616,1619039,1375069015,710.5,6668753,9.32793822194844,3.2592894557782044,23306254.491525423,12.042372881355933,9386,57,9409.199828,165.07368119561403,7.293666026871401,9.724888035828535,7.421625079974408,5.8,1,0.8174236291844792,2,0.815919172007712,0.061329809926156775
1890907.268,Midtown-Times Square,MN05 Midtown-Flatiron-Union Square (CD 5 Approximation),5699.860639,Manhattan,011300,MN0502,1,,36061011300,1011300,MN05,113,17.567,122,6.945,27.3,68.8,0.770491803,0.133928571,0.3261,33548,2400,6,4,1179742,103,18622212,67441,3486056514,1707,20202751,15.78498688696342,0.05716588881297775,33845208.873786405,16.57281553398058,11835.23784417106,110,23077.51206,209.79556414318182,6.261740763932373,0.3415494962144931,0.2276996641429954,68.8,1,0.5320646072873725,2,0.7025692095086693,0.19190777762985786
1063547.353,Upper East Side-Carnegie Hill,MN08 Upper East Side-Roosevelt Island (CD 8 Equivalent),4125.25635,Manhattan,011402,MN0802,1,,36061011402,1011402,MN08,114.02,9.881,2283,231.049,3.9,4,0.978537013,0.011972931,0.4982,179929,3378,156,78,664144,165,2410282,2838298,878028951,1044.5,5287206,3.6291557252644004,4.273618371919342,5321387.581818182,6.33030303030303,5061.94925801819,167,13270.4863,79.46398983113772,16.901123368080153,15.787875721080862,7.893937860540431,4,1,0.7889164408119059,2,0.4611964095526552,0.13575322864523437
1903276.166,Upper East Side-Lenox Hill-Roosevelt Island,MN08 Upper East Side-Roosevelt Island (CD 8 Equivalent),5524.542379,Manhattan,011800,MN0801,1,,36061011800,1011800,MN08,118,17.682,9462,535.12,5.5,9.6,0.890615092,0.010997442,0.526,141085,2987,372,210,1240490,142,2026547,6573685,1176662877,1080.5,8732479,1.6336665349982669,5.299264806648986,8286358.288732395,7.609154929577465,8081.887089310504,172,14266.68494,82.94584268406976,9.727406401990725,21.038344078724126,11.876484560570072,9.6,1,0.8336146134051057,2,0.4869905015013678,0.1597791397050793
1911310.687,Midtown-Times Square,MN05 Midtown-Flatiron-Union Square (CD 5 Approximation),5722.090729,Manhattan,011900,MN0502,1,,36061011900,1011900,MN05,119,17.757,1174,66.115,26,50.4,0.921635434,0.346595933,0.4555,21740,364,31,20,1222484,85,14037065,291953,3856987901,1194.5,19172240,11.482412039748578,0.2388194855719993,45376328.24705882,14.052941176470588,16050.431142737547,90,15958.11657,177.3124062918889,5.06842372022301,1.745790392521259,1.12631638227178,50.4,0,0.3078183327775951,2,0.4608106639667927,0.4057244617657763
1862415.511,Upper East Side-Carnegie Hill,MN08 Upper East Side-Roosevelt Island (CD 8 Equivalent),5693.865565,Manhattan,012000,MN0802,1,,36061012000,1012000,MN08,120,17.302,3199,184.892,2.1,15.5,0.899343545,0.016538037,0.6214,204102,2276,423,306,1156173,240,2249511,4892357,1180072152,1466.5,7282156,1.9456525969729443,4.2315094713334425,4916967.3,6.110416666666667,4965.670644391408,251,19245.12494,76.67380455091633,14.50699341116634,24.448040688937695,17.685816668593226,15.5,1,0.7740952492682952,1,0.3890786248372291,0.2091099918456298
959570.576,Hell's Kitchen,MN04 Chelsea-Hell's Kitchen (CD 4 Approximation),3933.125236,Manhattan,012101,MN0402,1,,36061012101,1012101,MN04,121.01,8.915,3110,348.85,11.5,33.3,0.745980707,0.052182163,0.5031,64052,1607,124,90,643744,118,1327951,1820116,447843090,645,3744075,2.0628557314708953,2.827391012576428,3795280.4237288134,5.466101694915254,5804.767441860465,137,9271.635833,67.6761739609489,15.367358384744813,13.909141895681437,10.095344924284914,33.3,0,0.3798867396927161,1,0.273858340760094,0.29226571477603724
959890.0593,Hell's Kitchen,MN04 Chelsea-Hell's Kitchen (CD 4 Approximation),3933.960521,Manhattan,012102,MN0402,1,,36061012102,1012102,MN04,121.02,8.918,4850,543.844,13.7,16.9,0.942061856,0.147765551,0.5343,65634,1374,174,140,642479,150,720140,2925025,407334553,730.5,3688433,1.1208771025979058,4.552716898139861,2715563.6866666665,4.87,5049.189596167009,175,9849.174403,56.28099659011429,19.623233908948198,19.511101143754207,15.698587127158557,16.9,1,0.534173583311182,1,0.19538178949492815,0.14848879083846522
1857829.444,Upper East Side-Carnegie Hill,MN08 Upper East Side-Roosevelt Island (CD 8 Equivalent),5683.167433,Manhattan,012200,MN0802,1,,36061012200,1012200,MN08,122,17.26,3008,174.276,0.9,7.1,0.935172872,0.013113367,0.5409,185275,2664,370,287,1155448,293,1461965,6293265,1655591272,1910,7990953,1.2652797875802286,5.446601664462615,5650482.156996587,6.51877133105802,4183.74502617801,304,25454.10302,83.73060205506579,17.61297798377752,21.436848203939743,16.628041714947855,7.1,1,0.8243706203662897,1,0.3234815148113564,0.18860522199085106
1875481.303,Midtown-Times Square,MN05 Midtown-Flatiron-Union Square (CD 5 Approximation),5683.937143,Manhattan,012500,MN0502,1,,36061012500,1012500,MN05,125,17.424,2635,151.228,5,21.2,0.714990512,0.054673721,0.5691,146367,3501,42,15,1204356,101,12986934,1790402,3703861317,1371.5,18953612,10.783301615137052,1.4866052894659054,36671894.22772277,13.57920792079208,13819.622311337951,99,16160.23223,163.23466903646465,5.681818181818182,2.4104683195592287,0.8608815426997245,21.2,1,0.5640355304497928,2,0.8105537941014183,0.12704331141473255
1015522.495,Upper East Side-Lenox Hill-Roosevelt Island,MN08 Upper East Side-Roosevelt Island (CD 8 Equivalent),4209.376785,Manhattan,012601,MN0801,1,,36061012601,1012601,MN08,126.01,9.435,7288,772.443,7.3,11.9,0.866355653,0,0.5034,100985,2801,161,102,678934,107,389817,4769637,607515509,840.5,5159454,0.5741603749407159,7.025185069535477,5677715.037383177,7.855140186915888,6138.553242117787,112,9466.120952,84.51893707366071,11.8706942236354,17.064122946475887,10.81081081081081,11.9,1,0.7091442132316685,1,0.3549528969966613,0.23568488389936018
960965.252,Upper East Side-Lenox Hill-Roosevelt Island,MN08 Upper East Side-Roosevelt Island (CD 8 Equivalent),4127.744439,Manhattan,012602,MN0801,1,,36061012602,1012602,MN08,126.02,8.928,4550,509.633,1.1,8.2,0.956263736,0.009124088,0.4794,188055,3501,156,110,620654,120,687142,3968147,579757291,811.5,4664274,1.1071257093324138,6.393492992875258,4831310.758333334,6.7625,5747.719038817006,125,9787.46387,78.29971096,14.000896057347669,17.473118279569892,12.320788530465949,8.2,1,0.7838289641775344,1,0.3108114587224702,0.2124751892047585
1872371.16,Hell's Kitchen,MN04 Chelsea-Hell's Kitchen (CD 4 Approximation),5682.361246,Manhattan,012700,MN0402,1,,36061012700,1012700,MN04,127,17.395,6786,390.112,1.7,12.6,0.961243737,0.027206139,0.4967,128082,2527,330,247,1291577,330,3151174,3009877,1098928896,1696,6829048,2.4397879491505345,2.3303891289485645,3330087.5636363635,5.13939393939394,4026.561320754717,398,23743.5412,59.65713869178392,22.88013797068123,18.970968669157806,14.199482609945386,12.6,1,0.6564040476687617,1,0.2729789223653966,0.14262814800009777
1918144.606,Upper East Side-Carnegie Hill,MN08 Upper East Side-Roosevelt Island (CD 8 Equivalent),5807.972954,Manhattan,013000,MN0802,1,,36061013000,1013000,MN08,130,17.82,3272,183.614,4.9,20.3,0.959963325,0.010313216,0.6003,169870,2627,397,305,1163037,243,1181797,7109907,1640972930,1791,8738789,1.0161301833045724,6.11322511665579,6752975.0205761315,7.37037037037037,4879.279173646008,248,23101.24472,93.15018033419355,13.916947250280584,22.27833894500561,17.115600448933783,20.3,1,0.7334751278693016,1,0.32868059893629414,0.2445242331426999
1874645.766,Midtown-Times Square,MN05 Midtown-Flatiron-Union Square (CD 5 Approximation),5680.123419,Manhattan,013100,MN0502,1,,36061013100,1013100,MN05,131,17.416,3235,185.749,3,14.8,0.828438949,0.033946252,0.5459,129475,3086,117,45,1209856,56,14201273,2495132,3531247264,1032.75,20171548,11.73798617356115,2.0623379972492595,63057986.85714286,18.441964285714285,19531.878963931253,65,13530.39971,208.15999550015385,3.7322002756086357,6.717960496095544,2.5838309600367477,14.8,1,0.7222636337442248,2,0.7539652788954674,0.17491773771722155
839787.9745,Upper East Side-Lenox Hill-Roosevelt Island,MN08 Upper East Side-Roosevelt Island (CD 8 Equivalent),4225.208327,Manhattan,013201,MN0801,1,,36061013201,1013201,MN08,132.01,7.802,2316,296.847,1.5,4.8,0.89119171,0.007705008,0.525,118040,2360,128,79,548227,79,579822,1612783,299762822,499,2194355,1.0576312366957483,2.941816072539295,3794466.101265823,6.3164556962025316,4397.50501002004,85,6545.516324,77.00607439976471,10.894642399384773,16.406049730838248,10.125608818251731,4.8,1,0.8535119655532276,1,0.3237164546940875,0.16132614678442803
727876.7049,Upper East Side-Lenox Hill-Roosevelt Island,MN08 Upper East Side-Roosevelt Island (CD 8 Equivalent),3431.47781,Manhattan,013202,MN0801,1,,36061013202,1013202,MN08,132.02,6.762,3649,539.633,2.3,25.6,0.939709509,0.0084488,0.4892,73534,3175,92,71,460754,21,168618,1869034,238767750,164,2037652,0.3659610117329421,4.056468310638649,11369892.857142856,7.809523809523809,12424.707317073171,28,2240.52,80.01857142857143,4.140786749482402,13.60544217687075,10.499852114758948,25.6,1,0.8344848545959713,1,0.38665979420534524,0.21789183406282567
1876670.072,Hell's Kitchen,MN04 Chelsea-Hell's Kitchen (CD 4 Approximation),5684.395759,Manhattan,013300,MN0402,1,,36061013300,1013300,MN04,133,17.435,6510,373.387,4,12.7,0.811674347,0.026796382,0.5859,140681,2837,262,192,1274246,237,1558110,3449647,774676489,1198.5,5261673,1.2227701715367363,2.707206457779738,3268677.1687763715,5.056962025316456,4390.215269086358,265,15775.07149,59.52857165392452,15.199311729280184,15.02724404932607,11.012331517063378,12.7,1,0.6154556720606056,1,0.24007674947854976,0.16989168304884347
400550.3163,Upper East Side-Yorkville,MN08 Upper East Side-Roosevelt Island (CD 8 Equivalent),3364.504747,Manhattan,013601,MN0803,1,,36061013601,1013601,MN08,136.01,3.721,1711,459.823,0,2.5,0.964932788,0.081956798,0.4864,197745,3501,65,52,172645,18,207997,1691398,188956800,199,1899395,1.204767007443019,9.7969706623418,10497600,11.055555555555555,9544.698492462312,14,2172.16745,155.15481783428572,3.762429454447729,17.468422467078742,13.974737973662993,2.5,1,0.7049181089688759,2,0.4556912301679644,0.17451832166448272
607002.7552,Upper East Side-Yorkville,MN08 Upper East Side-Roosevelt Island (CD 8 Equivalent),3118.997161,Manhattan,013602,MN0803,1,,36061013602,1013602,MN08,136.02,5.639,6244,1107.289,5.3,5.4,0.941383728,0.0482008,0.5347,138827,3221,120,83,398535,54,169436,2925666,329521722,496,3142557,0.42514710125835875,7.3410516014904585,6102254.111111111,9.185185185185185,6335.800403225807,58,5325.34,91.81620689655173,10.285511615534668,21.280368859726902,14.718921794644439,5.4,1,0.6648905688367541,1,0.34468291638787996,0.24155402916211532
559215.9796,Upper East Side-Carnegie Hill,MN08 Upper East Side-Roosevelt Island (CD 8 Equivalent),3135.950925,Manhattan,014801,MN0802,1,,36061014801,1014801,MN08,148.01,5.195,2858,550.144,4.4,8.6,0.951014696,0.032183908,0.5228,159057,2868,93,58,336977,53,601989,2391182,447559505,454,3001920,1.7864394305842832,7.095979844321719,8444518.96226415,8.566037735849056,6612.15859030837,54,5469.687316,101.29050584814814,10.39461020211742,17.901828681424444,11.164581328200192,8.6,1,0.6521402224182629,2,0.4440242296657727,0.1682593643738187
1880350.197,Upper West Side-Lincoln Square,MN07 Upper West Side (CD 7 Approximation),5690.756773,Manhattan,014900,MN0701,1,,36061014900,1014900,MN07,149,17.469,5873,336.196,0.5,21.9,0.858505023,0.023226081,0.54,154893,3501,242,185,1255471,50,2538475,4568288,1557483559,627,7307960,2.021930414959804,3.6387045180653317,31149671.18,12.54,11655.438596491229,51,7558.89,148.2135294117647,2.9194573244032282,13.853111225599633,10.590188333619555,21.9,1,0.6437984035167665,2,0.6008047917553601,0.1618669831988334
556354.4604,Upper East Side-Carnegie Hill,MN08 Upper East Side-Roosevelt Island (CD 8 Equivalent),3124.39323,Manhattan,015001,MN0802,1,,36061015001,1015001,MN08,150.01,5.169,2018,390.404,7.1,9.4,0.898909812,0,0.5929,157121,2912,137,101,336802,37,320616,2601312,382855479,410,2923648,0.9519420906051627,7.723564586908629,10347445.378378378,11.08108108108108,7130.848780487805,37,4733.72,127.93837837837839,7.158057651383247,26.504159411878508,19.539562778100215,9.4,1,0.7451716219962973,1,0.3699889173851347,0.141144449187994
1352304.146,Upper East Side-Carnegie Hill,MN08 Upper East Side-Roosevelt Island (CD 8 Equivalent),4689.906191,Manhattan,015002,MN0802,1,,36061015002,1015002,MN08,150.02,12.563,4558,362.811,3.7,14.7,0.955901711,0.004384763,0.5335,197779,3501,309,229,824569,91,890933,6113018,978316815,910.5,7057164,1.0804832585265758,7.41359182797316,10750734.23076923,10.005494505494505,7750.866556836902,94,11558.81086,122.96607298095745,7.48228926211892,24.596035978667516,18.22813022367269,14.7,1,0.8314065801336967,1,0.3842247370890245,0.1379756284355273
1179802.657,Upper West Side-Lincoln Square,MN07 Upper West Side (CD 7 Approximation),4418.89071,Manhattan,015101,MN0701,1,,36061015101,1015101,MN07,151.01,10.961,2860,260.925,2,44.1,0.917132867,0.309836928,0.5129,24699,718,119,62,860700,16,1392961,1446977,325752750,139,2839938,1.6184047868014406,1.6811630068548855,20359546.88,8.6875,20431.208633093524,27,2493.54,92.35333333333334,2.4632788979107745,10.856673661162302,5.656418210017334,44.1,0,0.4631371838360014,0,0.19580806473572848,0.6237840204573443
934986.5519,Upper West Side-Lincoln Square,MN07 Upper West Side (CD 7 Approximation),3880.011138,Manhattan,015301,MN0701,1,,36061015301,1015301,MN07,153.01,8.686,4698,540.87,2.6,12.5,0.943167305,0.019983575,0.505,157807,2979,216,186,643188,139,1270532,2993828,580169206,862.5,4304356,1.9753664558418378,4.654670174194792,4173879.179856115,6.205035971223022,4990.55768115942,149,12006.47236,80.58035137651007,17.1540409854939,24.867603039373705,21.413769283905136,12.5,1,0.7210550044905211,1,0.3175799416263149,0.16709500350810436
938455.1675,Upper West Side-Lincoln Square,MN07 Upper West Side (CD 7 Approximation),3884.251713,Manhattan,015302,MN0701,1,,36061015302,1015302,MN07,153.02,8.719,5570,638.835,4.5,14.6,0.864631957,0.014431039,0.5409,146679,3441,259,218,529719,68,1157833,3756061,888912017,634.5,4926490,2.1857494256388765,7.090666938508908,13072235.544117646,9.330882352941176,7764.365642237983,72,7468.18,103.72472222222223,8.257827732538136,29.705241426769128,25.00286730129602,14.6,1,0.7578833112105683,2,0.5361671690718156,0.16917475476079438
763019.6869,Upper East Side-Yorkville,MN08 Upper East Side-Roosevelt Island (CD 8 Equivalent),3966.362833,Manhattan,015401,MN0803,1,,36061015401,1015401,MN08,154.01,7.089,4986,703.343,2.5,4.7,0.831728841,0,0.6253,159426,2194,135,107,581675,113,309894,2203143,323759790,686,2531317,0.5327614217561353,3.7875841320324923,2865130.884955752,6.070796460176991,3689.966472303207,120,7779.750127,64.83125106,16.927634363097756,19.043588658484975,15.0938073070955,4.7,1,0.7485694673283486,1,0.22512982901994566,0.16996339153281453
590439.3481,Upper East Side-Yorkville,MN08 Upper East Side-Roosevelt Island (CD 8 Equivalent),3070.907542,Manhattan,015402,MN0803,1,,36061015402,1015402,MN08,154.02,5.485,3841,700.273,3.6,5.1,0.82296277,0.059302704,0.407,88198,2884,92,65,392684,100,354866,2199937,345399323,677.5,2554803,0.9036935551232034,5.602308726609691,3453993.23,6.775,3770.9269372693725,102,7695.846908,75.44947948852942,18.596171376481312,16.773017319963536,11.850501367365542,5.1,1,0.6256253513007138,1,0.24883726044077956,0.20447010667799462
555763.3132,Upper East Side-Yorkville,MN08 Upper East Side-Roosevelt Island (CD 8 Equivalent),2991.220484,Manhattan,015403,MN0803,1,,36061015403,1015403,MN08,154.03,5.163,5015,971.334,9.6,19.8,0.861615155,0.062971067,0.5118,92404,,95,81,364353,9,616802,3119633,379431348,189,3736435,1.6928692778706365,8.562116958005012,42159038.666666664,21,19769.497354497355,24,3616.56881,150.69036709958334,4.648460197559558,18.40015494867325,15.688553166763509,19.8,1,0.5019482795166994,2,0.4093501691337377,0.363100525021886
928265.5383,Upper West Side-Lincoln Square,MN07 Upper West Side (CD 7 Approximation),3864.791044,Manhattan,015501,MN0701,1,,36061015501,1015501,MN07,155.01,8.624,5057,586.387,3.2,14.9,0.893415068,0,0.5682,180202,2704,52,39,760179,15,395793,3864026,525700743,327,4259819,0.5206576345834336,5.083047545380759,35046716.2,21.8,13026.969418960245,16,3475.711312,217.231957,1.8552875695732838,6.029684601113172,4.522263450834879,14.9,1,0.8611868165919928,2,0.42958930046056615,0.19979232133460695
791936.9649,Upper East Side-Yorkville,MN08 Upper East Side-Roosevelt Island (CD 8 Equivalent),4004.824456,Manhattan,015601,MN0803,1,,36061015601,1015601,MN08,156.01,7.357,4992,678.537,10.3,13.6,0.852964744,0.086381136,0.4972,87996,2713,88,26,505769,73,840729,2517387,381497923,598,3449201,1.6622786291765608,4.977345388902839,5225998.94520548,8.191780821917808,5767.894648829431,83,7749.079951,93.36240904783132,11.281772461601197,11.961397308685605,3.534049204838929,13.6,1,0.5923488975144283,1,0.37548514568632807,0.22299882767807408
1169910.016,East Harlem (South),MN11 East Harlem (CD 11 Equivalent),4524.706848,Manhattan,015602,MN1101,1,,36061015602,1015602,MN11,156.02,10.869,2139,196.798,4.3,40.7,0.939223936,0.137390213,0.6327,84161,1898,66,42,828052,19,1333174,879062,255588990,149,2212236,1.6100124146792714,1.0616024114427596,13452052.105263159,7.842105263157895,14847.221476510067,28,2531.80235,90.42151251714286,2.5761339589658663,6.072315760419542,3.8642009384487994,40.7,1,0.6222546247925185,2,0.45762949646029655,0.31991614917634464
1958586.74,Upper West Side-Lincoln Square,MN07 Upper West Side (CD 7 Approximation),5778.309286,Manhattan,015700,MN0701,1,,36061015700,1015700,MN07,157,18.196,10613,583.26,7.9,9.2,0.846414774,0.003254405,0.5114,139954,2820,329,245,1280668,322,744259,7545591,1203925194,1882,8472436,0.5811490565860942,5.891918123979049,3738898.118012422,5.84472049689441,4501.825717321998,344,26382.49979,76.69331334877907,18.905253901956474,18.080896900417674,13.464497691800394,9.2,1,0.6953983241739702,1,0.24446512467496825,0.17229193020143083
1353075.762,Upper East Side-Carnegie Hill,MN08 Upper East Side-Roosevelt Island (CD 8 Equivalent),4692.931885,Manhattan,015801,MN0802,1,,36061015801,1015801,MN08,158.01,12.57,5384,428.321,3.5,7.9,0.915118871,0.019433781,0.5194,143610,2438,289,204,831004,220,480004,3871590,543255111,1065.75,4516409,0.5776193616396552,4.658930642933127,2469341.4136363636,4.844318181818182,4237.775275627492,225,13949.79724,61.99909885666667,17.899761336515514,22.991249005568815,16.2291169451074,7.9,1,0.8052303419652099,1,0.2222211239937559,0.09871742296185332
551587.6442,East Harlem (South),MN11 East Harlem (CD 11 Equivalent),3116.916696,Manhattan,015802,MN1101,1,,36061015802,1015802,MN11,158.02,5.124,4397,858.119,4.4,12,0.796452126,0.165481577,0.5138,72512,3501,93,56,336297,58,669641,1664649,239597521,381,2334290,1.9912190712376263,4.949937109162437,4130991.7413793104,6.568965517241379,6126.745406824147,57,4628.15196,81.19564841736842,11.124121779859486,18.149882903981265,10.928961748633881,12,1,0.5793127416516718,1,0.3327988837018472,0.2795122735200649
1352632.298,Upper East Side-Carnegie Hill,MN08 Upper East Side-Roosevelt Island (CD 8 Equivalent),4702.173777,Manhattan,016001,MN0802,1,,36061016001,1016001,MN08,160.01,12.566,3029,241.047,4.8,11,0.966985804,0.000810373,0.5107,245194,3231,366,283,829153,180,887696,4047187,721000126,1105.5,4977823,1.070605786869251,4.8811100002050285,4005556.2555555557,6.141666666666667,4502.77973767526,199,15027.09359,75.51303309100503,15.836383893044722,29.126213592233007,22.52108865191787,11,1,0.7907409080106218,1,0.29131469745601035,0.20293996444582532
